trial_id,timestamp_ns,target_page,event
1,99551802946,0,0
2,99617689077,0,1
3,99691204995,0,0
4,99767963723,0,0
5,99835258653,0,0
6,99901889903,0,0
7,99981098504,0,1
8,100059458467,0,0
9,100139559956,0,1
10,100201113523,0,1
11,100262623000,0,1
12,100326724784,0,1
13,100389518121,0,1
14,100455572174,0,1
15,100527020387,0,0
16,100594616870,0,0
17,100666473888,0,1
18,100743421758,0,1
19,100801094564,0,1
20,100876364908,0,0
21,100954928962,0,1
22,101021991458,0,0
23,101089610686,0,1
24,101156731031,0,0
25,101226534503,0,0
26,101297518871,0,1
27,101382678942,0,0
28,101458303318,0,1
29,101517233277,0,1
30,101575207735,0,1
31,101633950610,0,1
32,101695743306,0,0
33,101757556353,0,1
34,101820478293,0,0
35,101882118135,0,1
36,101939607714,0,0
37,102003355870,0,0
38,102069146534,0,0
39,102153905292,0,0
40,102235721878,0,1
41,102310987221,0,0
42,102392405528,0,1
43,102472203097,0,0
44,102561515556,0,1
45,102640167819,0,1
46,102727931468,0,1
47,102821157758,0,0
48,102887991338,0,0
49,102976312137,0,1
50,103042693190,0,1
51,103119079736,0,0
52,103178002686,0,0
53,103244678028,0,1
54,103308363195,0,0
55,103387148328,0,1
56,103456095415,0,0
57,103528861068,0,0
58,103601057411,0,0
59,103663586953,0,1
60,103726675984,0,1
61,103786018597,0,0
62,103848556393,0,0
63,103907098306,0,0
64,103969623338,0,0
65,104036366191,0,0
66,104101754765,0,1
67,104177979665,0,0
68,104247019347,0,0
69,104314090844,0,1
70,104373322034,0,1
71,104435713265,0,1
72,104496095276,0,0
73,104554365294,0,1
74,104618147482,0,1
75,104678193608,0,0
76,104740779332,0,0
77,104803129606,0,1
78,104867158201,0,0
79,104922618298,0,0
80,104984341132,0,0
81,105071802043,0,0
82,105154787061,0,0
83,105238343551,0,1
84,105317209766,0,0
85,105383005927,0,0
86,105452946344,0,1
87,105519544621,0,0
88,105587295522,0,0
89,105650306701,0,1
90,105718157066,0,0
91,105785082657,0,1
92,105849540431,0,0
93,105913595455,0,0
94,105975050673,0,0
95,106041110813,0,0
96,106106160160,0,1
97,106174122447,0,1
98,106243317511,0,0
99,106308113303,0,0
100,106379181664,0,1
101,106444962336,0,1
102,106508730922,0,1
103,106579283198,0,0
104,106649228421,0,0
105,106722075769,0,1
106,106781882260,0,0
107,106845762644,0,1
108,106911741275,0,0
109,106974336709,0,1
110,107034716233,0,1
111,107090676385,0,0
112,107151906423,0,0
113,107220241761,0,1
114,107283321116,0,1
115,107344660586,0,1
116,107415733305,0,0
117,107480172206,0,1
118,107562359981,0,0
119,107621205833,0,1
120,107692078846,0,0
121,107754167699,0,0
122,107825077490,0,1
123,107897728124,0,1
124,107963501009,0,0
125,108031672959,0,1
126,108101013784,0,1
127,108160158784,0,0
128,108220641426,0,1
129,108282613876,0,0
130,108350187036,0,1
131,108414642042,0,0
132,108488564967,0,1
133,108554117448,0,1
134,108634348227,0,0
135,108687520510,0,0
136,108772192093,0,0
137,108830189842,0,0
138,108904869943,0,1
139,108962887728,0,0
140,109021181068,0,0
141,109084636223,0,0
142,109146228118,0,0
143,109204560080,0,1
144,109264042008,0,0
145,109342662119,0,1
146,109419875289,0,0
147,109492751929,0,0
148,109564798944,0,0
149,109649492389,0,1
150,109722882905,0,1
151,109800151005,0,0
152,109881941280,0,1
153,109957396819,0,1
154,110023932944,0,1
155,110086014708,0,1
156,110149893993,0,1
157,110216928303,0,1
158,110296027626,0,0
159,110369001893,0,0
160,110433044951,0,1
161,110493914726,0,1
162,110558138059,0,0
163,110622000847,0,1
164,110701607010,0,1
165,110776943854,0,0
166,110849745419,0,1
167,110915186559,0,1
168,110984977042,0,1
169,111054941183,0,0
170,111119693735,0,1
171,111196100895,0,1
172,111271088834,0,1
173,111331871048,0,1
174,111389726212,0,1
175,111462536728,0,0
176,111537052778,0,0
177,111620996520,0,1
178,111675205359,0,0
179,111750986518,0,1
180,111819761711,0,0
181,111878508196,0,1
182,111945619254,0,1
183,112014557394,0,1
184,112082549486,0,1
185,112140158333,0,1
186,112219368539,0,1
187,112287385602,0,1
188,112360889815,0,1
189,112430145001,0,1
190,112503573998,0,0
191,112563214292,0,1
192,112625328045,0,1
193,112698012454,0,1
194,112761385994,0,0
195,112835702007,0,1
196,112913351068,0,0
197,112985763006,0,0
198,113063150264,0,0
199,113141882481,0,0
200,113213228437,0,1
