trial_id,timestamp_ns,prediction
1,660402079804,1
2,660477993284,1
3,660551676579,1
4,660623959599,1
5,660696027750,1
6,660771117159,1
7,660847865760,1
8,660923315139,1
9,661001392510,1
10,661077252503,1
11,661158168105,1
12,661234315453,1
13,661313066559,1
14,661385404352,1
15,661468682290,1
16,661544637584,1
17,661622526368,1
18,661698032171,1
19,661774153963,1
20,661850743393,1
21,661929687672,1
22,662004706839,1
23,662079892205,1
24,662154918072,1
25,662227309348,1
26,662304652209,1
27,662383852996,1
28,662456931634,1
29,662530679142,1
30,662606581634,1
31,662680112681,1
32,662756938923,1
33,662833040238,1
34,662912308564,1
35,662987239351,1
36,663068321770,1
37,663146448821,1
38,663227766768,1
39,663309762960,1
40,663386925621,1
41,663464218079,1
42,663539157523,1
43,663615966152,1
44,663693710600,1
45,663769327104,1
46,663842685140,1
47,663920348935,1
48,663996166060,1
49,664069368359,1
50,664144290334,1
51,664220135664,1
52,664293789209,1
53,664368664428,1
54,664440787343,1
55,664514165278,1
56,664588733053,1
57,664665826750,1
58,664742520686,1
59,664820806334,1
60,664897777177,1
61,664974355633,1
62,665047406319,1
63,665123541454,1
64,665201564378,1
65,665280543349,1
66,665357238993,1
67,665434123343,1
68,665513059976,1
69,665589532070,1
70,665668736496,1
71,665747908141,1
72,665829201081,1
73,665908789924,1
74,665977492254,1
75,666045212920,1
76,666112634330,1
77,666179848376,1
78,666247258957,1
79,666317382554,1
80,666391712257,1
81,666466684625,1
82,666541586503,1
83,666615683545,1
84,666688526735,1
85,666765845958,1
86,666843689463,1
87,666919311684,1
88,666996464157,1
89,667074151975,1
90,667150280518,1
91,667227439595,1
92,667306393061,1
93,667385194355,1
94,667463215303,1
95,667540646325,1
96,667619658938,1
97,667699038957,1
98,667772613336,1
99,667849235321,1
100,667925529927,1
101,667999831852,1
102,668072832543,1
103,668146763658,1
104,668221253191,1
105,668294278993,1
106,668367713814,1
107,668440951712,1
108,668512919866,1
109,668585931022,1
110,668659682876,1
111,668736399793,1
112,668812218865,1
113,668891030814,1
114,668965970880,1
115,669038981614,1
116,669115072772,1
117,669192949334,1
118,669267982488,1
119,669346720731,1
120,669422919953,1
121,669503509897,1
122,669582969213,1
123,669665729644,1
124,669744841341,1
125,669824209739,1
126,669897791738,1
127,669966719845,1
128,670035627381,1
129,670113722741,1
130,670189028340,1
131,670262509385,1
132,670336823714,1
133,670409393844,1
134,670481915729,1
135,670553938961,1
136,670626737549,1
137,670702615185,1
138,670775798337,1
139,670855243261,1
140,670933071262,1
141,671010972308,1
142,671087181720,1
143,671163747423,1
144,671240046738,1
145,671313932717,1
146,671386427430,1
147,671461428135,1
148,671538111809,1
149,671614636069,1
150,671689135921,1
151,671765529706,1
152,671843856582,1
153,671918996800,1
154,671990529825,1
155,672063094227,1
156,672137524667,1
157,672211341189,1
158,672284428519,1
159,672358586949,1
160,672433118896,1
161,672505818766,1
162,672578749605,1
163,672650840075,1
164,672725776839,1
165,672799398291,1
166,672876568711,1
167,672953167698,1
168,673027364051,1
169,673103698402,1
170,673180994494,1
171,673264277601,1
172,673339029347,1
173,673415472116,1
174,673490275910,1
175,673569783460,1
176,673648510408,1
177,673724621492,1
178,673800359618,1
179,673880138233,1
180,673955114257,1
181,674028259719,1
182,674102048720,1
183,674175474535,1
184,674248909335,1
185,674319482630,1
186,674391986732,1
187,674463491654,1
188,674534095673,1
189,674606325329,1
190,674682647789,1
191,674758229316,1
192,674834252741,1
193,674908591798,1
194,674984136287,1
195,675060406468,1
196,675138703883,1
197,675214917881,1
198,675288896054,1
199,675362495105,1
200,675440064005,1
